{
  "comboWindowStart": 0.550000011920929,
  "damage": 50,
  "duration": 1.0,
  "hitArm": 0,
  "hitEnd": 0.6000000238418579,
  "hitStart": 0.30000001192092896,
  "keys": [],
  "name": "combo"
}