{
  "comboWindowStart": 0.550000011920929,
  "damage": 50,
  "duration": 1.4800000190734863,
  "hitArm": 0,
  "hitEnd": 0.6000000238418579,
  "hitStart": 0.30000001192092896,
  "keys": [
    {
      "body": {
        "r": [
          0.0,
          0.0,
          0.0
        ],
        "t": [
          0.0,
          0.0,
          0.0
        ]
      },
      "lArm": {
        "r": [
          0.0,
          0.0,
          0.0
        ],
        "t": [
          -1.7000000476837158,
          0.0,
          1.2999999523162842
        ]
      },
      "rArm": {
        "r": [
          0.0,
          0.0,
          0.0
        ],
        "t": [
          1.7000000476837158,
          0.0,
          1.2999999523162842
        ]
      },
      "time": 0.0
    },
    {
      "body": {
        "r": [
          -0.23999999463558197,
          0.5,
          0.0
        ],
        "t": [
          0.0,
          0.0,
          0.0
        ]
      },
      "lArm": {
        "r": [
          0.23000000417232513,
          -0.3700000047683716,
          0.0
        ],
        "t": [
          -1.840000033378601,
          0.0,
          1.2200000286102295
        ]
      },
      "rArm": {
        "r": [
          0.27000001072883606,
          0.0,
          0.0
        ],
        "t": [
          1.7000000476837158,
          0.0,
          0.019999999552965164
        ]
      },
      "time": 0.13300000131130219
    },
    {
      "body": {
        "r": [
          -0.23999999463558197,
          0.5,
          0.0
        ],
        "t": [
          0.0,
          0.0,
          0.0
        ]
      },
      "lArm": {
        "r": [
          0.23000000417232513,
          -0.3700000047683716,
          0.0
        ],
        "t": [
          -1.840000033378601,
          0.0,
          1.2200000286102295
        ]
      },
      "rArm": {
        "r": [
          0.27000001072883606,
          0.0,
          0.0
        ],
        "t": [
          1.7000000476837158,
          0.0,
          0.019999999552965164
        ]
      },
      "time": 0.6349999904632568
    },
    {
      "body": {
        "r": [
          0.3700000047683716,
          -0.3799999952316284,
          0.0
        ],
        "t": [
          0.0,
          0.0,
          0.0
        ]
      },
      "lArm": {
        "r": [
          0.09000000357627869,
          -0.20000000298023224,
          0.0
        ],
        "t": [
          -1.840000033378601,
          0.0,
          0.36000001430511475
        ]
      },
      "rArm": {
        "r": [
          -0.33000001311302185,
          0.44999998807907104,
          -0.15000000596046448
        ],
        "t": [
          1.3600000143051147,
          1.1799999475479126,
          1.159999966621399
        ]
      },
      "time": 0.7429999709129333
    },
    {
      "body": {
        "r": [
          0.3700000047683716,
          -0.3799999952316284,
          0.0
        ],
        "t": [
          0.0,
          0.0,
          0.0
        ]
      },
      "lArm": {
        "r": [
          0.09000000357627869,
          -0.20000000298023224,
          0.0
        ],
        "t": [
          -1.840000033378601,
          0.0,
          0.36000001430511475
        ]
      },
      "rArm": {
        "r": [
          -0.33000001311302185,
          0.44999998807907104,
          -0.15000000596046448
        ],
        "t": [
          1.3600000143051147,
          1.1799999475479126,
          1.159999966621399
        ]
      },
      "time": 0.9430000185966492
    }
  ],
  "name": "finisher"
}