{
  "comboWindowStart": 0.550000011920929,
  "damage": 50,
  "duration": 1.4800000190734863,
  "hitArm": 0,
  "hitEnd": 0.6000000238418579,
  "hitStart": 0.30000001192092896,
  "keys": [
    {
      "body": {
        "r": [
          0.0,
          0.0,
          0.0
        ],
        "t": [
          0.0,
          0.0,
          0.0
        ]
      },
      "lArm": {
        "r": [
          0.0,
          0.0,
          0.0
        ],
        "t": [
          -1.7000000476837158,
          0.0,
          1.2999999523162842
        ]
      },
      "rArm": {
        "r": [
          0.0,
          0.0,
          0.0
        ],
        "t": [
          1.7000000476837158,
          0.0,
          1.2999999523162842
        ]
      },
      "time": 0.0
    },
    {
      "body": {
        "r": [
          -0.23999999463558197,
          0.5,
          0.0
        ],
        "t": [
          0.0,
          0.0,
          0.0
        ]
      },
      "lArm": {
        "r": [
          0.23000000417232513,
          -0.3700000047683716,
          0.0
        ],
        "t": [
          -1.840000033378601,
          0.0,
          1.2200000286102295
        ]
      },
      "rArm": {
        "r": [
          0.27000001072883606,
          0.0,
          0.0
        ],
        "t": [
          1.7000000476837158,
          0.0,
          0.019999999552965164
        ]
      },
      "time": 0.13300000131130219
    },
    {
      "body": {
        "r": [
          -0.23999999463558197,
          0.5,
          0.0
        ],
        "t": [
          0.0,
          0.0,
          0.0
        ]
      },
      "lArm": {
        "r": [
          0.23000000417232513,
          -0.3700000047683716,
          0.0
        ],
        "t": [
          -1.840000033378601,
          0.0,
          1.2200000286102295
        ]
      },
      "rArm": {
        "r": [
          0.27000001072883606,
          0.0,
          0.0
        ],
        "t": [
          1.7000000476837158,
          0.0,
          0.019999999552965164
        ]
      },
      "time": 0.6349999904632568
    },
    {
      "body": {
        "r": [
          0.21590456366539001,
          -0.16690365970134735,
          0.051234398037195206
        ],
        "t": [
          0.0,
          0.0,
          2.4200000762939453
        ]
      },
      "lArm": {
        "r": [
          0.12373878061771393,
          -0.24163979291915894,
          0.0022693744394928217
        ],
        "t": [
          -1.840000033378601,
          0.0,
          0.5707840919494629
        ]
      },
      "rArm": {
        "r": [
          -0.1684856116771698,
          0.34913480281829834,
          -0.0849447175860405
        ],
        "t": [
          1.4433332681655884,
          0.4378432631492615,
          0.8805884718894958
        ]
      },
      "time": 0.7120000123977661
    },
    {
      "body": {
        "r": [
          0.3700000047683716,
          -0.3799999952316284,
          0.0
        ],
        "t": [
          0.0,
          0.0,
          6.440000057220459
        ]
      },
      "lArm": {
        "r": [
          0.09000000357627869,
          -0.20000000298023224,
          0.0
        ],
        "t": [
          -1.840000033378601,
          0.0,
          0.36000001430511475
        ]
      },
      "rArm": {
        "r": [
          -0.33000001311302185,
          0.44999998807907104,
          -0.15000000596046448
        ],
        "t": [
          1.3600000143051147,
          0.5799999833106995,
          1.159999966621399
        ]
      },
      "time": 0.7369999885559082
    }
  ],
  "name": "finisher"
}