{
  "comboWindowStart": 1.0,
  "damage": 50,
  "duration": 0.4099999964237213,
  "hitArm": 1,
  "hitEnd": 0.4259999990463257,
  "hitStart": 0.12999999523162842,
  "keys": [
    {
      "body": {
        "r": [
          0.0,
          -0.0,
          -0.0
        ],
        "t": [
          -0.0,
          0.0,
          0.0
        ]
      },
      "lArm": {
        "r": [
          0.0,
          -0.0,
          -0.0
        ],
        "t": [
          -1.7000000476837158,
          0.0,
          1.2999999523162842
        ]
      },
      "rArm": {
        "r": [
          0.0,
          -0.0,
          -0.0
        ],
        "t": [
          1.7000000476837158,
          0.0,
          1.2999999523162842
        ]
      },
      "time": 0.0
    },
    {
      "body": {
        "r": [
          0.0,
          0.6399999856948853,
          -0.0
        ],
        "t": [
          -0.0,
          0.0,
          0.0
        ]
      },
      "lArm": {
        "r": [
          0.0,
          -0.6600000262260437,
          -0.0
        ],
        "t": [
          -2.5999999046325684,
          0.0,
          2.180000066757202
        ]
      },
      "rArm": {
        "r": [
          0.0,
          -0.25999999046325684,
          -0.0
        ],
        "t": [
          1.7000000476837158,
          0.0,
          1.2999999523162842
        ]
      },
      "time": 0.23100000619888306
    }
  ],
  "name": "punchL"
}