{
  "comboWindowStart": 0.6890000104904175,
  "damage": 50,
  "duration": 0.20999999344348907,
  "hitArm": 1,
  "hitEnd": 0.4259999990463257,
  "hitStart": 0.12999999523162842,
  "keys": [
    {
      "body": {
        "r": [
          0.0,
          -0.0,
          -0.0
        ],
        "t": [
          -0.0,
          0.0,
          0.0
        ]
      },
      "lArm": {
        "r": [
          0.0,
          -0.0,
          -0.0
        ],
        "t": [
          -1.7000000476837158,
          0.0,
          1.2999999523162842
        ]
      },
      "rArm": {
        "r": [
          0.0,
          -0.0,
          -0.0
        ],
        "t": [
          1.7000000476837158,
          0.0,
          1.2999999523162842
        ]
      },
      "time": 0.0
    },
    {
      "body": {
        "r": [
          0.0,
          0.6399999856948853,
          -0.0
        ],
        "t": [
          -0.0,
          0.0,
          0.0
        ]
      },
      "lArm": {
        "r": [
          0.0,
          1.0099999904632568,
          -0.0
        ],
        "t": [
          -0.18000000715255737,
          0.0,
          2.819999933242798
        ]
      },
      "rArm": {
        "r": [
          0.0,
          -0.0,
          -0.0
        ],
        "t": [
          1.7000000476837158,
          0.0,
          1.2999999523162842
        ]
      },
      "time": 0.16699999570846558
    }
  ],
  "name": "punchL"
}