{
    "EnemyAttackRangedSpecial": {
        "Damage": 20,
        "Homing Strength": 0.05000000074505806,
        "Prep Time": 90,
        "Recovery Time": 41,
        "Spike Count": 8,
        "Spike Life Time": 150,
        "Spike Speed": 0.4000000059604645
    }
}
