{
    "Player": {
        "Arm Scale": [
            0.800000011920929,
            0.800000011920929,
            0.800000011920929
        ],
        "Left Arm Translation": [
            -1.7000000476837158,
            0.0,
            1.2999999523162842
        ],
        "Max HP": 1000,
        "Right Arm Translation": [
            1.7000000476837158,
            0.0,
            1.2999999523162842
        ]
    }
}
