{
    "playerTrail": {
        "AllScale Max": [
            0.0,
            0.0,
            0.0
        ],
        "AllScale Min": [
            0.0,
            0.0,
            0.0
        ],
        "Emit rotation": [
            0.0,
            0.0,
            0.0
        ],
        "Emit scale": [
            0.10000000149011612,
            0.10000000149011612,
            0.10000000149011612
        ],
        "Emit translation": [
            -18.052793502807617,
            -0.800000011920929,
            22.63124656677246
        ],
        "Particle EndAcce": [
            0.0,
            0.0,
            0.0
        ],
        "Particle EndRote": [
            1.5707963705062866,
            0.0,
            0.0
        ],
        "Particle EndScale": [
            2.0,
            2.0,
            1.0
        ],
        "Particle StartAcce": [
            0.0,
            0.0,
            0.0
        ],
        "Particle StartRote": [
            1.5707963705062866,
            0.0,
            0.0
        ],
        "Particle StartScale": [
            1.0,
            1.0,
            1.0
        ],
        "RotationVelo Max": [
            0.07000000029802322,
            0.07000000029802322,
            0.07000000029802322
        ],
        "RotationVelo Min": [
            -0.07000000029802322,
            -0.07000000029802322,
            -0.07000000029802322
        ],
        "Scale Max": 0.6800000071525574,
        "Scale Min": 0.6800000071525574,
        "alphaMax": 1.0,
        "alphaMin": 1.0,
        "count": 1,
        "emitFrequency": 0.33000001311302185,
        "isAcceMultiply": false,
        "isAllRamdomScale": false,
        "isBillBoard": false,
        "isRamdomColor": false,
        "isRandomRotate": false,
        "isRandomScale": true,
        "isSinMove": false,
        "isVisible": true,
        "lifeTimeMax": 1.0700000524520874,
        "lifeTimeMin": 1.0700000524520874,
        "maxVelocity": [
            0.0,
            0.0,
            0.0
        ],
        "minVelocity": [
            0.0,
            0.0,
            0.0
        ]
    }
}
